142823,a665a45920422f9d417e4867efdc4fb8a04a1f3fff1fa07e998e86f7f7a27ae3,customer,Art,Vandelay,32,West 81st Street,8105675309,1.23457E+14,12369978
745275,91a73fd806ab2c005c13b4dc19130a884e909dea3f72d46e30266fe1a1f588d8,customer,Martin,Van Nostron,35,Somewhere in NY,123123,1.23457E+14,0
791261,a665a45920422f9d417e4867efdc4fb8a04a1f3fff1fa07e998e86f7f7a27ae3,"custom"",er",123,123,123123,123,123,1.23457E+14,0
289578,a665a45920422f9d417e4867efdc4fb8a04a1f3fff1fa07e998e86f7f7a27ae3,customer,1,1,1,1,1,1.23457E+14,0
858548,a665a45920422f9d417e4867efdc4fb8a04a1f3fff1fa07e998e86f7f7a27ae3,customer,1231,1231,2312312,12312,1231231,1.23457E+14,0
357200,2cff982a584448d9b76ebaf89505905d635e000273de0313f6939f323d3575c5,customer,yes,123,12,123,8675309123,1.23457E+14,0
688480,a665a45920422f9d417e4867efdc4fb8a04a1f3fff1fa07e998e86f7f7a27ae3,customer,123,123,23,123,1234567890,1.23457E+14,0
794016,a665a45920422f9d417e4867efdc4fb8a04a1f3fff1fa07e998e86f7f7a27ae3,customer,John,Day,21,Anywhere,1234567890,1.23457E+14,0
794096,a665a45920422f9d417e4867efdc4fb8a04a1f3fff1fa07e998e86f7f7a27ae3,loadengineer,Load Engineer,Last Name,21,The Airport,1234567890,1.23457E+14,0
272724,e6d3efc6abfd85ceacedc20ecbb866e564fe16742930c48f8618bff70c5028e6,customer,Test,name,30,123,8107723121,1.23457E+14,0
223162,a665a45920422f9d417e4867efdc4fb8a04a1f3fff1fa07e998e86f7f7a27ae3,customer,w,w,1,w,1234567890,1.23457E+14,0
161359,f284bdc3c1c9e24a494e285cb387c69510f28de51c15bb93179d9c7f28705398,customer,f,f,1,f,1234567890,1.23457E+14,0
123456,a665a45920422f9d417e4867efdc4fb8a04a1f3fff1fa07e998e86f7f7a27ae3,flightmanager,A,Vandelay,32,West 81st Street,8105675309,1.23457E+14,0
509493,a665a45920422f9d417e4867efdc4fb8a04a1f3fff1fa07e998e86f7f7a27ae3,customer,Collin,Finetti,22,123 Street,1234567891,1.23457E+14,0
654321,a665a45920422f9d417e4867efdc4fb8a04a1f3fff1fa07e998e86f7f7a27ae3,accountant,Accountant,LastName,22,123 Street,1234567891,1.23457E+14,0
